x,y,z,x_rotation,y_rotation,z_rotation,name
12407.990325282206,3691.6491281481276,5,90,0,0,1
12416.259538897159,3688.860216150126,5,90,0,0,2
