x,y,z,x_rotation,y_rotation,z_rotation,name
11573.510109297687,5924.0758215773585,5,90,0,90,1
