x,y,z,x_rotation,y_rotation,z_rotation,name
12404.157957105379,3677.225583147221,5,90,0,0,1
