x,y,z,x_rotation,y_rotation,z_rotation,name
12403.638990581434,3677.3536027774066,5,90,0,0,1
