x,y,z,x_rotation,y_rotation,z_rotation,name
12403.73084917564,3674.7083067280705,5,90,0,0,1
