x,y,z,x_rotation,y_rotation,z_rotation,name
12403.918434094328,3676.030733265489,5,90,0,0,1
