x,y,z,x_rotation,y_rotation,z_rotation,name
12404.756764633008,3675.8173672151797,5,90,0,0,1
