x,y,z,x_rotation,y_rotation,z_rotation,name
12404.99628764406,3676.542811786231,5,90,0,0,1
