x,y,z,x_rotation,y_rotation,z_rotation,name
12405.033721747865,3675.7559414179973,5,90,0,0,1
