x,y,z,x_rotation,y_rotation,z_rotation,name
340.7544726133881,1904.0942300745924,5,90,0,0,1
