x,y,z,x_rotation,y_rotation,z_rotation,name
12403.798672588802,3675.6040011648706,5,90,0,0,1
