x,y,z,x_rotation,y_rotation,z_rotation,name
12409.826668366935,3685.8028983696536,5,90,0,0,1
12413.174413734438,3685.343943641029,5,90,0,0,2
