x,y,z,x_rotation,y_rotation,z_rotation,name
12409.786747865093,3681.066172052788,5,90,0,0,1
